Type de session;Code de session;Date et heure;Date et heure2;Salle;Organisateur;Titre du Side Event;Mots cles;Description de la session;Duree de la session;Intervenants attendus;Programme de la session
Side event SE;SE1;Lundi 21 Mars, 17.30-18.30;Lundi 21 Mars, 17.30-18.30;Salle 1 EXPO;AFD;Dialogue ministériel de haut niveau sur l’accès aux services d’eau et d’assainissement au Sahel;G5 Sahel | Ministres | Alliance Sahel | réformes sectorielles;"Objectifs :
(i)	Statuer sur les progrès réalisés en matière d’accès à l’eau et à l’assainissement dans les 5 pays membres du G5 Sahel;
(ii)	Présenter le niveau de mobilisation technique et financière de l’Alliance Sahel ;
(iii)	Entendre la vision de chaque Ministre pour accélérer la mobilisation pour le secteur.
Résultat attendu : feuilles de route pour les réformes sectorielles à mettre en œuvre en vue de relever les défis du secteur
";60';"Intervenants :
-	Adrien HAYE, Coordinateur de l’Alliance Sahel
-	Didier Allély, Organisation Mondiale de la Santé
-	Monsieur Osward CHANDA, Directeur du Dpt Eau et Assainissement, Banque africaine de Développement
-	Madame Clara de Sousa, Directrice des Opérations, Banque mondiale
-	Madame Céline Robert, Directrice de la Division Eau et Assainissement, Agence Française de Développement

Orateurs :
-	Son Excellence ADAMOU Mahaman, Ministre de l’Hydraulique et de l’Assainissement du Niger
-	Son Excellence Alio Abdoulaye Ibrahim, Ministre de l’Hydraulique Urbaine et Rurale du Tchad
-	Son Excellence Lamine Seydou Traore, Ministre des Mines, de l’Énergie et de l’Eau du Mali
-	Son Excellence Mohamed El Hassen BOUKHREISS, Ministre de l’Hydraulique et de l’Assainissement de Mauritanie
-	Monsieur Alassoun SORI, Secrétaire General du Ministère de l’Eau et de l’Assainissement, Burkina Faso
-	Monsieur l’Ambassadeur Eric Yemdaogo TIARE, Secrétaire exécutif du G5 Sahel
Modératrice : Catarina de Albuquerque, Présidente – Directrice Assainissement et Eau pour Tous (SWA)
";"17:00 – 17:05 / Introduction
17:05 – 17:10 / État des lieux des services d’eau et d’assainissement au Sahel
17:10 – 17:30 / Le soutien de l’Alliance Sahel et de ses membres pour le secteur de l’eau et de l’assainissement (action globale et focus sur 3 projets emblématiques)
17:30 – 18:00 / Poursuivre les partenariats et aller de l’avant : les défis à relever en matière de réformes sectorielles. Dialogue avec les Ministres
"
Side event SE;SE13;Lundi 21 Mars, 17.30-18.30;Lundi 21 Mars, 17.30-18.30;Salle 10 EXPO;REGION OCCITANIE;RENCONTRE / NETWORKING DES ACTEURS OCCITANIE-SENEGAL;NETWORKING | ACTEURS | OCCITANIE | SENEGAL;"La Région Occitanie est présente à Dakar à la fois sur le side business avec son agence d'attractivité et son pôle de compéttivité Aquavalley, mais aussi au niveau politique avec son  Vice-Président en charge de la ressource en eau. Elle a également de nombreuses coopérations avec des acteurs / ONG qui seront présentes. Le side-events vise à réunir et mettre en réseau la ""famille Occitanie"" présente à Dakar. Format : échange + cocktail";60';A finaliser : Jean-Louis CAZAUBON - Vice-Président et d'autres à caler.;
Side event SE;SE2;Lundi 21 Mars, 17.30-18.30;Lundi 21 Mars, 17.30-18.30;Salle 2 EXPO;PRCM / ONG REGIONALE;Gestion des eaux de surface à l’échelle des bassins versants et maintien des services écosystémiques de la mangrove ;Mangrove | eau de surface | débit environnemental | services écosystémiques | écosystèmes côtiers | impacts | infrastructures;Les mangroves fournissent de multiples services écosystémiques qui sont cruciaux pour la sauvegarde des communautés côtières, tels que la réduction des contraintes hydrodynamiques par les courants, les vagues et les surtensions, réduisant ainsi l'érosion et les inondations. De plus, les mangroves fournissent des services essentiels pour les moyens de subsistance des communautés côtières. La session reviendra sur le rôle des mangroves que peuvent jouer les mangroves pour une protection des côtes en Afrique de l’Ouest et sur l’importance d’une gestion efficace des ces écosystèmes. A travers différentes présentations, les conditions de la préservation des cet écosystème mangrove seront illustrés et discutés. La session répondra à la question suivante : Quelles sont les conditions nécessaires pour assurer un rôle efficace des mangroves dans la protection des côtes en Afrique de l’Ouest. Cela devrait permettre de formuler quelques recommandations fortes qui pourront alimenter les résultats du forum.;60';"Modérateur: Pr. Ahmed SENHOURY

Orateurs: 
Audrey LEGAT (DELTARES)
Paul Tendeng (UICN)	
Pr. Ahmed SENHOURY (PRCM)
Yakhya Gueye  et Therese Musabe (WIA)

Intervenants
ADAM Cesay
";"1.	Ouverture de la session (5mn)
2.	Introduction : le rôle des mangroves pour la protection contre l’érosion et les inondations côtières  par Audrey LEGAT de DELTARES
3.	Impact des lâchées d’eaux du barrage de Nangbeto au sur le règlement assisté de mangroves dans la Réserve de Biosphère Transfrontière (RBT) du Mono Côté Togo Par Dr. TENDENG
4.	Cohabitation entre riziculture et restauration de la Mangrove à travers une gestion optimale de l’eau et des terres dans les îles de TRISTAO en Guinée par Pr. Ahmed SENHOURY
5.	Le rôle des mangroves pour la protection contre l’érosion et les inondations côtières par Audrey LEGAT DETARES
6.	impact des apports d’eau douce sur la biodiversité des mangroves par Yakhya Gueye  et Therese Musabe (WIACO)
7.	Discussion (15mn) – comment traduire ces conditions de succès dans un plan de gestion efficace des mangroves ?  
"
Side event SE;SE27;Lundi 21 Mars, 17.30-18.30;Lundi 21 Mars, 17.30-18.30;Salle 9 EXPO;Direction Assainissement/Administration;Le Genre dans les politiques, programmes et projets d'assainissement en zone rurale;handicap | personnes vulnérables | homme | femmes | | équité;"La session est conçue comme un espace d’échange entre les participants sur l’approche Genre et son intégration dans les politiques, projets et programmes d’assainissement en milieu rural. 
Il s’agira dans un premier temps de présenter le sujet et les enjeux qu’il recouvre, d’échanger sur l’approche Genre, (de son institutionnalisation à son opérationnalisation), et sa prise en compte dans les projets d’assainissement, tout en favorisant les débats entre les participants et les apports de la salle. Un focus sera ainsi mis sur la Gestion de l’Hygiène Menstruelle et la conception des édicules publics qui y sont sensibles.
";60';"Panélistes / intervenants : DA/DEEG/USAID ACCES/ENABEL/ONU FEMMES
 Modérateur attendu : CT Genre/MEA ";"0	-	5	min.	Introduction/Contexte
5	-	10	min.	Film d'introduction
10	-	20	min.	Brainstorming avec la salle sur la question     L’approche Genre : De l'institutionnalisation à l'opérationnalisation du genre au MEA 
20	-	40	min.	Présentations (10’ chacune) 
DA : Cas des Edicules Publics
DA : le ciblage des ménages vulnérables dans les projets d’assainissement  
40	-	50	min.	Débat sur les présentation 
50	-	60	min.	Messages clés et conclusion
"
Side event SE;SE30;Lundi 21 Mars, 17.30-18.30;Lundi 21 Mars, 17.30-18.30;Salle 5 EXPO;Agence Panafricaine de la Grande Muraille Verte;Enjeux et Priorités de l'Eau dans la mise en oeuvre de la Grande Muraille Verte;Eau | Sahel | GMV | Résilience | Adaptation | Changement climatique;Le Sahel se caractérise par des conditions climatiques drastiques, sécheresses récurrentes, dégradation des terres, pauvreté, malnutrition, migrations forcées. L’Initiative Grande Muraille Verte a été crée face à ce contact avec vision, le rétablissement de la viabilité du capital naturel et des systèmes productifs des terroirs sahéliens et leur transformation en zone de prospérité économique parfaitement arrimés au tissu économique des pays. L’Initiative intègre les trois paradigmes Restauration / Développement / Sécurisation. L’enjeu de taille est la maîtrise des ressources en eau, ce qui implique nécessairement, une gestion plus efficiente de cette ressource vitale, facteur limitant de tout développement. Les pays de la GMV sont au-dessus du seuil de stress hydrique. Une étude faite par l’OSS en 2021 indique que le potentiel-eau est significatif au regard de la superficie de l’emprise par système aquifère mais qui est peu mobilisé et sous exploité. Cette question mérite un débat de haut niveau afin d’obtenir en retour, des orientations significatives car c’est une question primordiale. Les principaux objectifs du Side Event consistent à discuter de la problématique de l’eau dans la région sahélienne et en particulier dans le contexte de la GMV. Les panélistes qui sont des experts internationaux de très haut niveau aborderont les questions essentielles liées à cette ressource pour le Sahel et déclineront les meilleures perspectives en termes de son importance stratégique, maîtrise et gestion, mécanismes de mobilisation des ressources financières potentielles et d’améliorations envisageables des politiques nationales.;60';A titre indicatif, Prof Boubacar Barry du 9èFME, Nabil Ben Khatra Secrétaire Exécutif de l'OSS, Dr Abdelkader Dodo de l'OSS, Geoffroy Citegeste de Birdlife international, ;
Side event SE;SE36;Lundi 21 Mars, 17.30-18.30;Lundi 21 Mars, 17.30-18.30;Salle 3 EXPO;Deutsche Gesellschaft für Internationale Zusammenarbeit (GIZ) GmbH;Financement basé sur le progrès pour la sécurité de l'eau - Approches innovantes pour soutenir les réformes du cadre et des services publics du secteur de l'eau;réformes des services publics | mécanismes de financement | prêts fondés sur les politiques | financement fondé sur les résultats | financement opérationnel ;"La gestion responsable des ressources en eau et l'accès universel à l'eau potable, à l'assainissement et à l'hygiène (WASH), tels qu'énoncés dans l'objectif de développement durable (ODD) 6, peuvent améliorer considérablement la santé publique, protéger l'environnement, réduire le risque de catastrophes (telles que celles causées par les pandémies et les événements climatiques extrêmes) et constituer le fondement d'un développement économique durable. Un cadre sectoriel favorable aux niveaux politique, institutionnel et réglementaire et des services d'eau et d'assainissement performants jouent tous un rôle essentiel dans la réalisation de la sécurité mondiale de l'eau. Pour de nombreuses sociétés d'eau dans le monde, la réalité actuelle est constituée de réglementations dysfonctionnelles et de niveaux de tarification insuffisants qui perpétuent un équilibre de faible niveau de performance. Le développement du secteur de l'eau lui-même et le développement des entreprises de services publics peuvent bénéficier de mécanismes de financement innovants, au-delà du financement des infrastructures par projet provenant des donateurs. Le financement lié à des incitations concrètes au changement est une occasion d'accélérer les réformes dans le secteur de l'eau et le redressement des opérations des services publics.
L'objectif de cette session est de partager des expériences et de recueillir des commentaires sur les mécanismes de financement innovants qui répondent aux défis mentionnés ci-dessus : Les prêts basés sur les politiques (PBL), le financement basé sur les résultats (RBF) et le financement d'entreprise pour les services d'eau et d'assainissement ("" financement opérationnel "").
Les PBL, les WOP et potentiellement l'UWCF peuvent jouer un rôle de catalyseur dans la réalisation de divers autres ODD, tels que l'ODD 3 sur la santé, l'ODD 13 sur le climat ou l'ODD 11 sur les villes et communautés durables, ainsi que d'autres programmes de développement mondiaux, tels que l'Accord de Paris sur le climat, les contributions déterminées au niveau national et le Programme d'action d'Addis-Abeba sur le financement du développement.";60';"Modérateur : Katrin Gronemeier, GIZ ; 
Participants : Christopher Wenzel, BMZ ; Detlef Klein, KfW ; Stefan Gramel/Bernd Schönewald, KfW ; Dieter Rothenberger, GIZ ; DGIS/Dutch Embassy";"Discours d'ouverture (8 minutes) par Christopher Wenzel, BMZ : Le financement basé sur le progrès pour la sécurité de l'eau - Approches innovantes pour soutenir les réformes du cadre du secteur de l'eau et des services publics.

Intervention I (8 minutes) par Detlef Klein, KfW / Dieter Rothenberger, GIZ : Urban Water Catalyst Fund - Financement opérationnel / d'entreprise comme nouvelle approche pour soutenir les redressements des services d'eau et les partenariats avec les opérateurs.

Intervention II (8 minutes) par Stefan Gramel/Bernd Schönewald tbc, KfW : Policy-based Lending (PBL) et Results-based Financing (RBF) pour améliorer les conditions cadres sectorielles.

Discussion structurée avec les panélistes et les participants (30 minutes) : Brefs commentaires / réactions et questions aux panélistes sélectionnés : 
- Représentant des services publics, tbc 
- Représentant des donateurs, tbc 
- KFW, tbc
- GIZ, tbc
Questions clés : Quelle sera la nature et la demande de financement opérationnel / d'entreprise ainsi que de PBL (par rapport au financement de projet et de RB) du point de vue de la compagnie et des partenaires de développement ?  Quels sont les défis à relever pour mettre en œuvre ce type de financement ?

Remarques de clôture (6 minutes) par DGIS/Ambassade des Pays-Bas (à confirmer)"
Side event SE;SE4;Lundi 21 Mars, 17.30-18.30;Lundi 21 Mars, 17.30-18.30;Salle 4 EXPO;SOCIETE NATIONALE DES EAUX DU SENEGAL (SONES);RÉPONSES PRATIQUES DE SONES À LA DEMANDE D'EAU POTABLE À DAKAR, DANS LES NOUVELLES ZONES URBAINES ET DANS LES CENTRES INTÉRIEURS;Réforme | Gouvernance | Réponse | Innovation | Impact | Reproductibilité;"OBJECTIFS : 
La session consacrée aux réponses pratiques à la demande en eau a les objectifs suivants :
- d'exposer les éléments clés de l'évolution du contrat d'affermage ;
- permettre de comprendre la situation de l'alimentation en eau potable au stade du développement des projets hydrauliques qui seront exposés ;
- partager les réponses techniques à la demande en eau potable dans la région de Dakar, y compris les nouvelles zones urbaines ainsi que les centres intérieurs ;
- présenter le modèle financier du secteur et les méthodes de financement innovantes qui ont permis la réalisation d'un programme d'investissement important, en maintenant l'équilibre économique du secteur avec des taux acceptables ;
- expliquer le modèle de gestion de projet utilisé par la SONES pour l'Etat ;
- montrer l'amélioration des conditions de vie des communautés et leur implication dans les processus participatifs ;
- montrer la prise en charge de l'accès équitable au service de l'eau par toutes les couches de la population vivant sur l'ensemble du territoire national.

RÉSULTATS ATTENDUS : 
Le partage des réponses vise à atteindre les résultats suivants :
- les éléments critiques de l'évolution du contrat d'affermage sont partagés ;
- les solutions techniques pertinentes sont partagées ;
- le modèle financier du secteur et les modes de financement innovants sont exposés ;
- le modèle de gouvernance des projets est accepté
- l'impact social des projets est reconnu ;
- les solutions techniques sont reproductibles au profit d'autres communautés.";60';"Introduction : 
M. Charles FALL, directeur général de SONES
Intervenants : 
M. Charles FALL, Directeur Général de la SONES
M. El hadji Ada NDAO, Directeur des Travaux de SONES
Modérateurs :
M. Matar FALL, Expert en eau et assainissement, ancien cadre de la Banque Mondiale
M. Cheikh FALL, ancien Directeur Général de la SONES";"MODERATEUR 1 : 5 minutes
INTRODUCTION : 10 minutes
PRÉSENTATION : 10 minutes
MODERATEUR 2 : 5 minutes
MODERATEUR 2 : 5 minutes
DISCUSSIONS DE GROUPE : 15 minutes
RÉPONSES ET RÉSULTATS : 10 minutes
"
Side event SE;SE6;Lundi 21 Mars, 17.30-18.30;Lundi 21 Mars, 17.30-18.30;Salle 6 EXPO;CAF - Development Bank of Latin America -;La sécurité de l'eau en Amérique latine et dans les Caraïbes (ALC) : Finance et gouvernance;Sécurité de l'eau | finances | gouvernance;Avec l'impératif que le 9ème Forum mondial de l'eau jette un pont entre les acteurs et entre les régions, sans négliger les caractéristiques géopolitiques et culturelles de chaque région, le CAF, en coordination avec la présidence et le secrétariat du CME, a réalisé la Conférence sur la finance et la gouvernance de l'eau en Amérique latine et dans les Caraïbes (ALC) : Vers Dakar 2022. Au cours de cette session, la vision de l'Amérique latine et des Caraïbes en matière d'eau, recueillie lors de la conférence, sera partagée, ainsi que les défis et opportunités régionaux. Différentes parties prenantes de l'ALC échangeront sur la feuille de route nécessaire pour atteindre la sécurité de l'eau dans la région.  ;60';"Julián Suárez Migliozzi, CAF
Ángel Cárdenas, directeur du développement urbain, CAF

Panneau
- Adrián Peña, ministre de l'environnement, Uruguay.
- Jorge Werneck, directeur, Agência Reguladora de Águas, Energia e Saneamento Básico do Distrito Federal (ADASA), Brésil
- Malena Galmarini, présidente de l'Asociación Latinoamericana de Operadores de Agua y Saneamiento (ALOAS) et présidente de Agua y Saneamientos Argentinos S.A. (AYSA), Argentine. (AYSA), Argentine.
- Alexandra Moreira L., secrétaire générale, Organisation du traité de coopération amazonienne (ACTO)
- Pedro Maranhão, secrétaire national à l'assainissement, Brésil
- Carmelo Valda, vice-ministre de l'eau, Bolivie.

Modérateur : Franz Rojas, CAF";"Ouverture (5 mins) : Ángel Cárdenas, Directeur du développement urbain, CAF
Orateur principal (10 mins) : Julián Suárez Migliozzi, CAF
Panel (40 mins) : comme indiqué ci-dessus
Clôture (5 mins) : Ángel Cárdenas, Directeur du développement urbain, CAF"
Side event SE;SE8;Lundi 21 Mars, 17.30-18.30;Lundi 21 Mars, 17.30-18.30;Salle 7 EXPO;International Office for Water - NGO;Dialogue ville-bassin : guide méthodologique RIOB-IWA sur les villes connectées à leur bassin;Gouvernance des villes connectées par bassin;"La majorité de la population mondiale vit dans les villes et près de 6 milliards de personnes vivront dans des zones urbaines d'ici 2050. Cette croissance crée de nombreux défis pour rendre les villes durables et nécessite une intelligence et une action collectives pour la sécurité de l'eau et de l'environnement. La croissance urbaine peut être une opportunité pour le développement économique, mais les ressources naturelles étant limitées, elle constitue également une menace pour la qualité de vie.

L'accent est déjà mis sur les villes durables par le biais de cadres tels que les principes pour des villes soucieuses de l'eau, qui soulignent la nécessité d'optimiser les coûts, la résilience des ressources en eau, la conservation de la biodiversité, etc. Cela inclut des actions de collaboration visant à concilier le cycle de l'eau en milieu urbain avec le cycle de l'eau au sens large, qui comprend les bassins fluviaux et lacustres et les aquifères dont dépendent les villes pour leurs ressources en eau. Toutes les parties prenantes doivent être impliquées dans l'identification et la mise en œuvre de solutions appropriées et durables pour une gouvernance efficace des villes-bassins.

L'Association Internationale de l'Eau (IWA) et le Réseau International des Organismes de Bassin (RIOB) sont en train de concevoir un manuel, un outil d'aide à la décision pour renforcer la connexion et l'intégration de la ville avec son bassin hydrographique. Ce manuel s'appuie sur l'Agenda d'action pour les villes connectées par bassin qui reflète les problèmes actuels et potentiels entre les villes et leurs bassins et la façon de les traiter en identifiant les moteurs de l'action (par exemple, quels sont les risques ?), et les voies de solution possibles.  A travers des études de cas pratiques, des témoignages et des recommandations, le manuel illustrera comment ""l'acteur urbain"" peut et doit jouer un rôle actif dans la protection des ressources en eau et dans la reconnexion des bassins à leurs villes.

Au cours de cet événement, le RIOB et l'IWA souligneront l'ambition du manuel qui s'adresse à la fois aux décideurs politiques et aux techniciens, et qui vise également à sensibiliser la société civile et les groupes environnementaux.";60';"Eric TARDIEU, Secrétaire Général du RIOB
Porteurs de projets des ""histoires de bassin"" (TBC)";En progrès
Side event SE;SE47;Lundi 21 Mars, 17.30-18.30;Lundi 21 Mars, 17.30-18.30;Salle 8 EXPO;League of Arab States;"L'eau partagée en Afrique 
et au Moyen-Orient : 
La coopération régionale pour 
désamorcer les tensions et 
partager la prospérité";Eaux transfrontalières | Coopération régionale | Développement économique;"Après des décennies de prévisions et de discours sombres sur les guerres et les conflits liés à l'eau, il s'avère que les guerres de l'eau sont davantage un récit médiatique qu'un avenir possible dans les eaux transfrontalières. Relier les intérêts communs socio-économiques des nations par le biais de mégaprojets de développement transfrontaliers est un moyen de parvenir à une prospérité partagée. L'eau dans les bassins partagés est un véritable connecteur de développement. Il faut une volonté politique pour que les nations en amont et en aval deviennent de véritables actionnaires dans le dialogue et la coopération, conformément à la devise du WWF9, l'eau pour la paix et le développement. Il faut commencer par recentrer le débat en valorisant les avantages de la coopération sur les bénéfices des rivières partagées tout en désamorçant les causes profondes de tension et en dépolitisant (ou du moins en réduisant la politisation) le discours sur l'eau partagée.  
La présente session est une occasion remarquable de présenter trois cas de laboratoire pour illustrer le potentiel de la coopération au développement régional dans le domaine des eaux transfrontalières : La faisabilité d'un projet de navigation de la source à la mer dans le fleuve Nil et la sécurité énergétique transfrontalière dans le bassin du fleuve Sénégal et en Asie centrale.   

Objectifs : 
- Partager des expériences sur le potentiel de la coopération au développement dans les rivières transfrontalières à travers des exemples concrets. 
- Identifier les conditions cadres clés pour la réussite de projets communs, en matière de navigation et de sécurité énergétique, dans 3 bassins partagés en Afrique et en Asie.  
- Débattre des facteurs de réussite du développement économique partagé et des enseignements tirés des trois expériences.
- Elaborer un ensemble de principes directeurs pour transformer les risques de tension en opportunités de coopération et passer du droit à l'eau au droit partagé au développement et à la prospérité.
- Évaluer les limites et les avantages potentiels de l'hydro-diplomatie dans l'établissement de la confiance entre les nations en amont et en aval. 

La session vise à répondre aux questions suivantes : 
- Qu'est-ce qui doit primer, la volonté politique ou les avantages économiques, afin de transformer les risques de tensions en opportunités pour le développement régional ?
- Quels sont les facteurs clés de succès pour faire de l'eau un lien entre les nations des trois bassins ? 
- Quels principes pourraient guider les pays à opter pour de grands projets communs plutôt que pour des désaccords sur le partage de l'eau.
Résultats escomptés :
- Compréhension globale de l'eau partagée comme moteur du développement socio-économique, de la paix et de la coopération entre les pays en amont et en aval.
- Définition des principes clés guidant la coopération économique régionale dans les bassins partagés";60';"Modératrice Ambassdor Shahira Wahbi LAS 
Orateurs/Panélistes
Dr Khaled AbuZeid CEDARE Egypte ; 
Dr Tahani Sleet MoWRI Égypte
CAREC (Centre régional de l'environnement pour l'Asie centrale) (à confirmer)
SADC (À CONFIRMER)
ORMVAS Sénégal (M. Madioudiou) Sénégal 
Discutants :
HE Mahdi Rachid AL Hamadani Ministre des Ressources en Eau en Irak
HE Ministre Eng. Mazen Ghoneim Autorité palestinienne de l'eau 
Ancien Ministre Dr. Hussein El Atfy AWC (TBC)
ACSAD-DG M. Naser Eddin Obaid 
Dr. Emad Adly Réseau d'organisations de la société civile RAED";"Remarques d'ouverture et présentation de la session et des intervenants par le modérateur (5 mn)
- Présentation par le Dr. Kheled AbuZeid (CEDARE) : La disponibilité de l'eau au niveau du bassin : le bassin fluvial (10 mn)
- Expérience de 3 bassins en matière de développement régional autour de ressources en eau partagées (3 x 10 mn)
- Commentaires de haut niveau des intervenants (10 mn) : 
- Questions et réponses (5 mn)"
Side event SE;SE48;Lundi 21 Mars, 17.30-18.30;Lundi 21 Mars, 17.30-18.30;Salle 11 EXPO;OFOR;Stand d'hydraulique rurale;FORUM | rural;échanger sur les thème du forom,  apporter une réponse à la problématique de l'AEP en milieu rural ;60';à definir;à definir
Side event SE;SE49;Lundi 21 Mars, 17.30-18.30;Lundi 21 Mars, 17.30-18.30;Salle 13 EXPO;Kampala Capital City Authority;Innovations TIC en matière d'assainissement pour une prestation efficace des services d'assainissement - Expériences en Ouganda;Assainissement | innovation | TIC ;"Le panel ""ICT Sanitation innovations for effective sanitation service delivery- sharing experiences from Uganda"" vise à partager les innovations des technologies de l'information et de la communication (TIC) et les modèles de subvention et de financement de l'assainissement automatisé que les secteurs public et privé ont appliqués pour assurer une prestation efficace et efficiente des services d'assainissement dans la ville de Kampala. 

À la fin de la session, un appel à l'action et des recommandations seront faits aux politiciens, aux dirigeants municipaux et aux acteurs de l'assainissement sur l'application des TIC pour informer, améliorer et fournir de meilleurs services d'assainissement aux municipalités pour le secteur de l'assainissement en Afrique.

Plus précisément, il s'agira de
- Partager les innovations TIC utilisées par la municipalité en Ouganda pour fournir des services d'assainissement aux citoyens de Kampala, en Ouganda.
- Partager les mécanismes de succès que la KCCA a utilisé pour améliorer la prestation de services d'assainissement à Kampala.
- lancer un appel à l'action aux décideurs, aux politiciens et aux responsables municipaux pour une meilleure intégration des outils informatiques dans le secteur de l'assainissement en Afrique.";60';"Modérateur - Eng Allan Nkurunziza
Intervenants
- Mme Dorothy Kisaka, Directrice Exécutive KCCA
- Dr, Eng Silver Mugisha, MD National Water and Sewerage Corporation (Société nationale des eaux et des égouts)
- M. Shaka Bakabulindi, Secrétaire exécutif Uganda Emptiers Asssociation
- Mme Eunice Namirembe , Spécialiste des innovations KCCA";"Présentations - 20 minutes
Discussions de groupe - 20 minutes
Clôture et appel à l'action - 15 minutes"
Side event SE;SE29;Jeudi 24 Mars, 17.00-18.00;Jeudi 24 Mars, 17.00-18.00;Salle 3 EXPO;Direction Assainissement/Administration;LES EVOLUTIONS INSTITUTIONNELLES ET ORGANISATIONNELLES DU SECTEUR DE L’EAU ET DE L’ASSAINISSEMENT EN AFRIQUE;Evolutions | Institutionnel | Gouvernance | Accès | Eau | | Assainissement;La session est conçue comme un espace d’échange entre les participants sur la gouvernance du secteur de l'Eau et de l'Assainissement et de partager les expériences sur le cadre institutionnel et les mécanismes opérationnels de mise en œuvre des stratégies nationales de développement du secteur de l’Eau et de l’Assainissement dans les pays africains. Il s’agira de présenter le sujet et les enjeux qu’il recouvre, d’échanger sur les évolutions institutionnelles et organisationnelles du secteur, de procéder à une évaluation de l’efficacité des modèles d’opérationnalisation des orientations des structures nationales en charge du développement du secteur , et de formuler des recommandations fortes à l’endroit des décideurs publics ainsi que de toutes les autres parties prenantes y compris les consommateurs et autres usagers des services d’eau et d’assainissement.;60';"Panélistes / intervenants : DA / DG ONAS / Responsables autres pays africains
Modérateur attendu : CPCS/MEA SENEGAL ";"0	-	5	min.	Introduction/Contexte
5	-	10	min.	Film d'introduction
10	-	20	min.	Brainstorming avec la salle sur la question : Les évolutions institutionnelles et organisationnelles du secteur de l’Eau de l’Assainissement en Afrique
20	-	40	min.	Présentations (10’ chacune) 
CPCS : Etat des lieux de la Gouvernance du secteur en prenant en compte les évolutions institutionnelles au Sénégal
DA : Evaluation de l’efficacité des modèles d’opérationnalisation des orientations des structures nationales en charge du développement du secteur de l'Eau et de l'Assainissement en Afrique : cas du Sénégal 
40	-	50	min.	Débat sur les présentation 
50	-	60	min.	Messages clés et conclusion
"
Side event SE;SE31;Jeudi 24 Mars, 17.00-18.00;Jeudi 24 Mars, 17.00-18.00;Salle 1 EXPO;SOMAPEP-SA;Table ronde pour la mobilisation des fonds pour le financement des ouvrages d'alimentation en eau potable au Mali;Financement |Ouvrages |Eau Potable | Mali;"Cette table ronde vise à réunir les partenaires techniques et financiers du secteur de l’eau autour des besoins d’investissements du Mali en matière d’eau potable.
L’objectif principal de la table ronde est de mobiliser des fonds pour assurer l’approvisionnement correct et durable en eau potable des localités du Mali.
Elle permettra de présenter les besoins d’investissements, d’identifier les partenaires potentiels et d’obtenir des engagements de financements.
La table ronde pourra éventuellement répondre à certaines préoccupations des partenaires notamment celles liées aux questions sécuritaires, aux financements durables du secteur en période de crise multidimensionnelle (COVID 19 ; Socio-politique...).
";60';"Bakary COULIBALY / Directeur Général
Modibo TRAORE / Directeur de la Planification et des Investissements
Namory KEITA / Directeur du Contrôle de l'Exploitation
Koen Maathuis / Regional Manager West Africa / World Waternet
";
Side event SE;SE37;Jeudi 24 Mars, 17.00-18.00;Jeudi 24 Mars, 17.00-18.00;Salle 4 EXPO;AAE;La sécurité de l'eau pour la santé et le développement : Quelles perspectives pour la qualité de l'eau des OMD aux ODD ?;sécurité de l'eau | qualité | laboratoire | capacité | pair-à-pair;"Le continent africain reste confronté à des défis majeurs dans le secteur de l'eau, notamment en termes d'accès à l'eau potable et de contrôle de la qualité de l'eau. Malgré les progrès réalisés ces dernières années, 40% de la population d'Afrique subsaharienne n'a pas accès à l'eau potable. Le défi de la mise en œuvre des Objectifs de développement durable (ODD), notamment les ODD 6.1 et 6.3, inclut la qualité de l'eau. 
L'approche des partenariats entre opérateurs de l'eau (WOP) - qui promeut le renforcement des capacités et le partage des connaissances par le biais de partenariats entre pairs entre opérateurs de l'eau et de l'assainissement - s'est avérée être un moyen efficace d'aborder l'identification, les défis et l'amélioration des performances des opérateurs en vue de la réalisation des OMD.
L'AAE l'a donc adopté pour développer et mettre en œuvre des programmes de soutien aux acteurs de l'eau. Le programme AfriCap, financé par l'USAID, est l'un de ces programmes. Il comprend une composante de mentorat pour améliorer la capacité des laboratoires de qualité de l'eau en Afrique. ";60';"i.	Président : Prof. Hamanth Kasan, AAE, 
ii.	Présentateur : Aw Saddat, SODECI, Côte d'Ivoire
iii. Modérateur : M. Abdoul Niang

PANELISTES
iv.	Mme Margaret Macauley, GWCL, Ghana
v.	Mme Aude Tapsoba, MERCK, Allemagne
vi.	M. Olivier Yameogo, ONEA, Burkina Faso
vii.	Prof. Yacouba Konaté, 2iE, Burkina Faso";"Session d'ouverture : Président. 05 min
Introduction par le modérateur : 05 min
Présentation par le professeur Awa Saddat, SODECI, 10 min
Discussion de groupe : 35 min
Récapitulation/clôture par le président : 05 min"
Side event SE;SE42;Jeudi 24 Mars, 17.00-18.00;Jeudi 24 Mars, 17.00-18.00;Salle 5 EXPO;Ministère des Eaux et Forêts (Direction Générale des Ressources en Eau);Présentation du document Pays de la Côte d'Ivoire;Vision | Politique de l'eau | PlanGire | Gouvernance;"Dans un contexte de raréfaction, de dégradation et de conflits autour de la ressource en eau, des solutions idoines doivent être trouvées pour l’humanité. A travers cette session la Côte d’Ivoire entend montrer sa contribution dans ce processus de recherche de solution à travers son expérience dans le domaine et ses attentes. 
Le document-pays, sans se soustraire des réalités sous-régionales et continentales, présente un état des lieux des ressources en eaux en Côte d’Ivoire et fait une esquisse du Plan National de Gestion Intégrée des Ressources en Eau (PLANGIRE) en cours d’actualisation.
Par ailleurs, la capacité interne de mobilisation des ressources financières étant en deçà des besoins de financements du Plan d’Actions National de Gestion Intégrée des Ressources en Eau (PLANGIRE), le Forum Mondial de l’Eau est une opportunité à saisir afin démontrer que la Côte d’Ivoire est une référence utile à tous les Partenaires au Développement désireux l’accompagner dans son ambitieux programme d’opérationnalisation de la GIRE.
";60';"Ministre des Eaux et Forêt
Ministre de l'Hydraulique
Ministre de l'Assainissement
Directeur Général des Ressources en Eau";15 min de présentation et 45 min de discussions
Side event SE;SE7;Jeudi 24 Mars, 17.00-18.00;Jeudi 24 Mars, 17.00-18.00;Salle 2 EXPO;Ministry of Environment and Climate Action of Portugal;Faire le lien entre SDG 6 et SDG 14 - naviguer de Dakar à Lisbonne;Eau douce | Eau salée | Interrelations | Défis | Lacunes;"Panel de discussion sur le prochain symposium de haut niveau sur l'eau ""Bridging SDG6 and SDG 14"" qui aura lieu pendant la conférence des Nations Unies sur les océans, à Lisbonne (27 juin) et la façon dont ce symposium peut contribuer à la route vers la conférence des Nations Unies sur l'eau de 2023, en mettant les communautés d'eau douce et d'eau salée en relation.";60';"Secrétaire général du ministère de l'environnement et de l'action climatique
Président du Conseil d'administration de l'Agence portugaise de l'environnement
Représentant du ministère portugais des affaires étrangères/ambassade du Portugal à Dakar
Représentant de l'ONU-Eau";
Side event SE;SE45;Jeudi 24 Mars, 17.00-18.00;Jeudi 24 Mars, 17.00-18.00;Salle 8 EXPO;AGENCE NATIONALE DE L'AQUACULTURE (ANA);Aquaculture au Sénégal : opportunités et défis;Vulgarisation de l'aquaculture | opportunités d'investissement;"Comme objectifs :
- démontrer le potentiel aquacole au Sénégal ;
- attirer les potentiels investisseurs ;
- montrer l'impact socio-économique de l'aquaculture, sa place dans l'amélioration de la sécurité alimentaire, la création d'emplois et de revenus ;
- rendre visible le rôle de l'aquaculture dans la conservation de la biodiversité face aux changements climatiques ;

En termes de résultats attendus :
- le potentiel aquacole du Sénégal est mis en avant ;
- des investisseurs sont attirés ;
- l'impact socio-économique de l'aquaculture, à savoir son rôle dans la sécurité alimentaire et la création d'emplois, est compris par le public ;
- le rôle de l'aquaculture dans la conservation de la biodiversité face aux changements climatiques est compris ;
- s'inspirer du modèle sénégalais pour favoriser le développement de l'aquaculture dans la sous-région ;";60';intervenant : Dr Tening SENE, Directeur général de l'ANA;20 Minutes de présentation et 40 minutes de discussions
Side event SE;SE46;Jeudi 24 Mars, 17.00-18.00;Jeudi 24 Mars, 17.00-18.00;Salle 6 EXPO;EUNIC Senegal;Table ronde : Le rôle des instituts culturels européens dans le développement durable;Table Ronde | EUNIC Sénégal | Instituts Culturels Européens | Développement Durable;"EUNIC Sénégal, le réseau des instituts européens engagés dans la coopération culturelle, souhaite questionner le rôle que peuvent avoir ses différents membres dans le développement durable.

Conscient de sa capacité à sensibiliser et à mener des actions fortes, EUNIC Sénégal souhaite renforcer son impact et questionner ses pratiques car les institutions culturelles et les secteurs de l'art et de la culture ont un rôle à jouer dans le développement durable. Quel est ce rôle et comment le secteur culturel peut-il contribuer au développement durable ?

Ces questions seront abordées lors d‘une table ronde qui rassemblera des experts et permettra d’ouvrir des pistes de réflexion et de proposer des actions concrètes afin d’agir en faveur d’une politique culturelle consciente des défis liés à l'environnement. 

EUNIC Sénégal a déjà entamé cette démarche, en accompagnant trois organisations environemmentales : Association Zéro Déchet, ENDA Pronat et le Jardin ethnobotanique de Hann et Fandène en leur proposant de réfléchir à comment la culture peut être un levier et un outil dans leur travail. Ces organisations seront présentes et partageront leurs expériences et leurs réflexions sur cette question.

Les principaux objectifs sont de :

'- Montrer le rôle important que l'art et la culture peuvent jouer en termes de sensibilisation aux objectifs de développement durable.

'- Engager une discussion ouverte sur ce que les institutions culturelles peuvent et doivent faire pour contribuer à la lutte contre le changement climatique.

'- Discuter du rôle de l’art et de la culture dans le développement durable.
 
";60';à definir;à definir
Side event SE;SE17;Mardi 22 Mars, 17.00-18.00;Mardi 22 Mars, 17.00-18.00;Salle 1 EXPO;INRAE (Institut de Recherche Public) avec le soutien de l'AFD;La surveillance et la gestion des proliférations de cyanobactéries dans les plans d'eau Africains;Plans d'eau | eau potable | eutrophisation | cyanobactéries | Afrique;Les proliférations de cyanobactéries qui résultent de la dégradation de la qualité de l’eau (eutrophisation) dans les lacs et réservoirs constituent un danger pour la santé humaine et impactent de multiples usages de l’eau, notamment la production d’eau potable. Dans les pays du nord qui sont confrontés depuis plus de 40 ans à ces proliférations, une surveillance de ces microorganismes a été mise en place et des actions ont été engagées pour (i) limiter les dangers pour les populations humaines et (ii) lutter contre ces phénomènes. En Afrique sub-saharienne,  cette problématique est encore largement ignorée par les gestionnaires et les utilisateurs des plans d’eau En partant des résultats d’un programme international de recherche (WaSAf) ayant porté sur trois plans d’eau africains utilisés pour alimenter de grandes agglomérations (Abidjan, Dakar et Kampala), le side event proposé aura comme objectif, de susciter le dialogue et les échanges entre scientifiques, gestionnaires et décideurs sur les causes et conséquences des proliférations de cyanobactéries et sur la surveillance et la gestion de ces phénomènes. Il reposera sur deux tables rondes qui seront introduites par de cours exposés réalisés par les chercheurs-es impliqués-es dans Wasaf, avant de donner la parole à l’assistance. La première de ces tables rondes portera sur la vulnérabilité des plans d’eau aux proliférations de cyanobactéries et sur la mise en place de programmes de surveillance des cyanobactéries et la seconde s’intéressera à la gestion des dangers associés à ces phénomènes et à la lutte contre les proliférations de cyanobactéries. ;60';Intervenants: Cécile Bernard (MNHN Paris, France), Catherine Quiblier (Université de Paris, France), Youssoupha Tall (IRD Sénégal), Mark Olokotum (Nafirri, Ouganda), Modérateurs : Marc Trousselier (CNRS Montpellier) & JF Humbert (INRAE, France);Deux tables rondes de 30 min. Dans chaque table ronde, deux exposés introductifs de 5 min chacun puis 20 min de discussion.
Side event SE;SE19;Mardi 22 Mars, 17.00-18.00;Mardi 22 Mars, 17.00-18.00;Salle 3 EXPO;CILSS/Projet d’Appui Régional à I’Initiative pour l’irrigation au Sahel (PARIIS) ;« Initiative pour l’Irrigation au sahel : Des solutions d'irrigation pour améliorer et accélérer les investissements dans l'eau agricole au Sahel et en Afrique de l’Ouest. »;Déclaration de Dakar sur l’irrigation | Initiative pour l’Irrigation au Sahel | Solutions d’irrigation | Gestion des connaissances | Approche régionale;"Le programme ’Initiative pour l’irrigation au Sahel-(2iS) issu de l’ambition des chefs d’Etats du Sahel, traduite dans la Déclaration de Dakar sur l’irrigation en 2013 vise à accélérer le rythme des investissements pour atteindre 1 000 000 ha de superficies irriguées dans un horizon rapproché. Elle a été saluée par l’ensemble des parties prenantes, car elle correspond à l'ampleur des défis sociaux, économiques et environnementaux du Sahel.
Dans une présentation introductive, le CILSS mandaté par les pays, expliquera comment la « Déclaration de Dakar » sur l’irrigation a été traduite en programme régional d’investissements sur la base d’un document consensuel et critique sur la situation de la gestion de l’eau agricole au Sahel, le Cadre Stratégique pour l’Eau Agricole au Sahel (CSEAS). Le CSEAS élaboré par les acteurs de la formulation du Projet d’Appui Régional à l’Initiative pour l’Irrigation au Sahel (PARIIS) est un document synthétique d’orientation et de vision partagée définissant les principes directeurs pour la conduite des programmes d’irrigations au Sahel et en Afrique de l’Ouest. Il a posé des questions fondamentales sur les contraintes et les difficultés liées au développement de l’irrigation en zone sahélienne et en Afrique de l’Ouest. Le CSEAS est reconnu par les acteurs, comme une mémoire institutionnelle qui fournit une solide fondation structurelle pour les investissements actuels et futurs. 
A la lumière et sur la base de la mise en œuvre du PARIIS et des résultats actuellement obtenus dans les 6 pays et au niveau régional piloté par le CILSS,  la  session cherchera  à travers des points de vue croisés (Etats, Structures régionales techniques et politiques, Partenaires Financiers, Producteurs) à  interpeller  les décideurs et les acteurs de l’eau agricole sur les  questionnement suivants   :
1)	Les acteurs sont-ils capables d’opérer le changement de paradigme nécessaire et de mettre en œuvre la démarche transformationnelle nécessaire pour stimuler le développement de l'irrigation dans le Sahel ?
2)	Quelles sont les modalités pratiques pour renforcer l’engagement des producteurs qui sont placées au cœur de l’investissement dans cette initiative ?
3)	Quelles sont les priorités sur lesquelles, concentrer les efforts pour consolider les résultats sur le terrain de cette initiative fondée sur la solution d’irrigation ? 
4)	Quelles actions concrètes mettre en œuvre pour amplifier les efforts et accroitre les financements, en vue d’aller résolument vers les objectifs de la Déclaration de Dakar ?   

A cet effet, un focus sera fait sur le Projet d’Appui Régional à I’Initiative pour l’irrigation au Sahel (PARIIS) en cours de mise en œuvre et qui constitue un levier pour la concrétisation de ce programme ambitieux. L’ambition de ce projet étant de créer les conditions nécessaires de développement et de mise à l’échelle de solutions d’irrigation dans les pays du Sahel et de l’Afrique de l’Ouest. 
Les résultats du PARIIS qui seront présentés indiquent la nécessité de poursuivre et consolider le processus de documentation et de mise en place des modèles d’investissements viables, qui commencent à faire leurs preuves sur le terrain. Ce processus devra aboutir à une palette de “solutions d’irrigations” adaptées aux différents types de systèmes d’irrigations, pour améliorer les investissements actuels et futurs. L’ambition etant de créer un effet d’entrainement et d’aller à l’échelle, dans les pays du Sahel et de l’Afrique de l’Ouest. 
Le Panel constitue un moment de réflexion sur les questions essentielles évoquées. ";60';"Modérateur  : Directeur de l’agriculture de la CEDEAO 

?	Introduction au Panel : Modérateur 
?	Présentation introductive sur 2iS et PARIIS :  Coordonnateur régional du PARIIS 

Panélistes : UEMOA, GWP/AO, Ministère de l’agriculture et de l'équipement rural du Sénégal, ROPPA , Banque Mondiale, CILSS 

1)	Des solutions d’irrigations adaptées, portées par les producteurs et appuyées par les  partenaires  pour des investissements viables : une des clés pour une transformation structurelle des politiques agricoles. (Panelistes : Ministre de l’agriculture et de l'équipement rural du Sénégal et SE CILSS) 
2)	Quelle stratégie de mobilisation coordonnée des producteurs et de la société civile dans le plaidoyer et la mise en œuvre des programmes d’investissements adaptés à leurs besoins (Paneliste : Président d’honneur du ROPPA- Mamadou Cissoko)
3)	 La mise en œuvre des projets/programmes régionaux : meilleure approche pour faciliter l’intégration régionale et l’extension des modèles d’investissements adaptés (Paneliste : CILSS/UEMOA/CEDEAO) 
4)	Les partenaires techniques et financiers s’engagent à accompagner les efforts des gouvernements et des organisations inter-gouvernementales dans l’innovation et l’accélération du rythme des investissements dans l’agriculture irriguée (Panéliste : Banque mondiale).   
";"5 mn : Introduction au Thème 
10 mn : Présentation sur 2iS et PARIIS
25 mn : Panelistes (5 mn chacun)
15 mn : Echanges sur des questions d’intérêt
5 mn : Synthèse et clôture

"
Side event SE;SE22;Mardi 22 Mars, 17.00-18.00;Mardi 22 Mars, 17.00-18.00;Salle 8 EXPO;Global Green Growth Institute, International, intergovernmental organization;Eau et Assainissement dans le PSE Vert ;PSE | Eau | Assainissement | politiques | investissement;"Le programme PSE Vert a identifié six secteurs  comme prioritaires à l’issue  d’un processus d’analyses participatif et transparent, dont le secteur de l'Eau et de l'Assainissement. 
la session permettra de discuter (ii) des objectifs du PSE Vert relatif au secteur de l’Eau et de l’Assainissement dans une perspective d’économie circulaire, (ii) des politiques publiques à mettre en place (iii) des expériences capitalisées dans d’autres pays et (iv) des possibilités d’investissement pour atteindre les objectifs du PSE Vert pour le secteur. ";60';"Modérateur:  Aïda Diongue-Niang; Panélistes : Khalil Rahmane Ndiaye (Bureau Opérationel de Suivi-Plan Sénégal Émergent, Responsable du pôle de structuration ou son DG); Gatta Soulé Ba (Ministère de l'Eau et de l'Assainissement,  Cellule de Planification, de Coordination et de Suivi des Programmes, Environnementaliste ou son Directeur) , Abdou Aziz Diedhiou (La Banque Agricole chef département Etudes et Stratégie, point focal Environnement et Climat ou son Dg)); ";
Side event SE;SE23;Mardi 22 Mars, 17.00-18.00;Mardi 22 Mars, 17.00-18.00;Salle 9 EXPO;UNICEF;Pénurie d'eau et problèmes liés à l'eau : un dialogue avec les voix des jeunes du Sahel;Dialogue | jeunes | Sahel | problèmes d'eau;En accord avec l'ambition du WWF, le bureau régional de l'UNICEF pour l'Afrique de l'Ouest et du Centre propose un dialogue entre les jeunes du Sahel, qui sont profondément touchés par les problèmes d'eau, et les décideurs politiques, dans le cadre du 9ème Forum mondial de l'eau. Ce dialogue pourrait être l'un des panels du 3ème jour sur l'eau et le climat ou du 4ème jour sur l'eau, l'assainissement et le genre.A partir de 2021, l'UNICEF a réussi à engager les jeunes des 10 pays du Sahel dans des débats publics inclusifs sur les questions clés affectant la région. S'inscrivant dans la stratégie mondiale et régionale de l'UNICEF pour la participation des jeunes, le premier débat public en ligne du 20 novembre 2021 a porté sur le changement climatique.;60';"5 jeunes du Sahel ; 2 ministres des pays du Sahel ; 1 célébrité et/ou ambassadeur de bonne volonté pour soutenir l'initiative.";Format: débat public d'une heure en 2 partie (les problèmes, les solutions)
Side event SE;SE24;Mardi 22 Mars, 17.00-18.00;Mardi 22 Mars, 17.00-18.00;Salle 10 EXPO;Ministère de l'Environnement et du Développement durable/Partenariat national de l'Eau du Sénégal;Eau écologique;Eau | gestion écologique et rationnelle;"L’initiative pour l’eau écologique vise à établir des relations avec les institutions nationales et internationales œuvrant dans le domaine de la gestion rationnelle des ressources en eau,
 à produire des évidences scientifiques en mesure d’étayer les réformes des politiques nationales et locales en faveur de l’eau écologique. Du fait de sa transversalité, la gestion écologique de l’eau nécessite un partenariat multi-acteurs et multi-niveaux.
";60';Dr. Adrien COLY, Enseignant Chercheur, UGB Saint-Louis;
Side event SE;SE25;Mardi 22 Mars, 17.00-18.00;Mardi 22 Mars, 17.00-18.00;Salle 11 EXPO;ACE Partner Project ;Rencontrer et collaborer avec un centre d'excellence africain ;Coopération | Programmes de recherche co-construits | Entrepreneuriat ;"Cet événement parallèle vise à réunir de manière très décontractée les professionnels de l'eau et les parties prenantes afin d'ouvrir des discussions pour trouver des axes de collaboration. Les objectifs sont de :  
1-Offrir aux centres d'excellence africains travaillant dans le domaine de l'eau de présenter leur expertise.
2-Dans un style de réunion B2B, de manière décontractée et concrète, susciter des discussions pour des partenariats potentiels
3-introduire la recherche africaine d'excellence dans le domaine des ressources en eau durables au monde entier. ";60';"Gregory Giraud - Responsable du projetACE Partner 
Ouedraogo Faissal Romaric-Coordinateur du projet NET-WATER
Harouna Karambiri - Directeur du Centre d'Excellence Africain (ACE) - Institut International d'Ingénierie de l'Eau et de l'Environnement.
Daouda Mama-Directeur du Centre d'excellence africain pour l'eau et l'assainissement. 
Gordana Kranjac-Berisavljevic, directeur adjoint du Centre ouest-africain pour l'irrigation de l'eau et l'agriculture durable 
Mamadou Cherif, Directeur adjoint du Centre d'excellence africain sur le changement climatique, la biodiversité et l'agriculture durable  ";Cette session est une session B2B pour promouvoir la coopération entre la science à travers les centres d'excellence africains et le secteur socio-économique représenté par les entreprises, les ONG, le secteur privé et public, etc. Les organisations invitées auront la possibilité de rencontrer et de saluer un cadre supérieur d'un Centre d'excellence africain afin de discuter de partenariats potentiels qui seront co-construits pour répondre aux besoins et aux objectifs des deux parties. Chaque CAE rencontrera un partenaire potentiel pendant 10 minutes pour explorer les moyens d'établir une collaboration. 
Side event SE;SE26;Mardi 22 Mars, 17.00-18.00;Mardi 22 Mars, 17.00-18.00;Salle 12 EXPO;Direction Assainissement/Administration;Assainissement et Changement climatique : quelles réponses face   aux défis de l’atténuation et de l’adaptation ?;Assainissement | changement climatique | vulnérabilité | atténuation | adaptation;"La session est conçue comme un espace d’échange entre les participants sur les impacts du changement climatique au niveau des système d’assainissement et la contribution du sous-secteur aux émissions de GES. Elle sera aussi l’occasion de partager avec les acteurs la norme sénégalaise NS-017-074 sur les ouvrages d’assainissement non collectifs. 
Il s’agira dans un premier temps de présenter le sujet et les enjeux qu’il recouvre, d’échanger ensuite sur le changement climatique et ses effets sur les systèmes d’assainissement et sa prise en compte dans les projets d’assainissement, tout en favorisant les débats entre les participants et les apports de la salle.";60';DEEC /MEDD et DA/MEA;"0	-	5	min.	Introduction/Contexte
5	-	10	min.	Film d'introduction
10	-	20	min.	Brainstorming avec la salle sur la question : Assainissement et 
changement climatique : quelles réponses face   aux défis de l’atténuation et de l’adaptation   
20	-	30	min.	Présentation (10’) 
GGGI : Evaluation de la contribution de l'assainissement aux émissions de GES
30	-	50	min.	Débat sur les présentation 
50	-	60	min.	Messages clés et conclusion
"
Side event SE;SE3;Mardi 22 Mars, 17.00-18.00;Mardi 22 Mars, 17.00-18.00;Salle 4 EXPO;L' Université Coopérative Internationale UMR CNRS LADYSS PARIS 8 Université Paris 8-Vincennes ;Une école d' Eco santé à Nogthie ( Sénégal) ;Education | formation | Eco-santé | agroécologie | droit foncier et de l'eau | savoirs écologiques | santé collective;Le projet de construction d’une  École d'Éco-Santé a été décidé entre les habitants du village de Ngothie ( Sénégal)  et une équipe internationale de chercheurs qui se proposent de construire des solutions durables et soutenables face aux défis climatiques actuels qui entrainent un appauvrissement des sols et amène un risque de famine dans les prochaines années.  L ’objectif de ce programme, sur 5 ans, est de mettre en place une Ecole de l’Eco-santé, fondée sur une coopérative de recherches et d’actions collectives d’arrangement éco-productifs locaux visant la formation à la formation de la sauvegarde de l’eau, des semences, des plantes médicinales par le développement de l’agroécologie et la sauvegarde des savoirs écologiques. L’ Ecole se veut ouvrir un tiers-espace original de dialogue des savoirs écologiques du Sénégal, ceux du Brésil et de l’Europe pour développer la santé collective.;60';"Jacqueline Descarpentries, UMR CNRS LADYSS Paris 8, Université de Paris 8 ( France), jacqueline.descarpentries@univ-paris8.fr, Babacar Diouf, Moussa Mbodji, Amadou Yade, UCAD Dakar ( Sénégal), les représentants du village de Ngothie,  Savino Wilson, Edmundo Gallo, Lorena Portela, Fondation Oswaldo Cruz,  Rio de Janeiro (Brésil), Vaguihno Nascimento, OTTS, et Forum des communautés traditionnelles ( Brésil) , Joao Nunès , CES, Université de Coimbra; (Porugal) Farba Diouf, Clarissa Figueira, Alice Furtado, UMR CNRS LADYSS Paris 8, Université de Paris 8 ( France)  ";"
Présentation du projet global de l' Ecole d'Eco Santé Jacqueline Descarpentries et Clarissa Figuiera, UMR CNRS LADYSS Paris 8, Université de Paris 8 , Babacar Diouf  UCAD de Dakar 
Un territoire vulnérabilisé par le changement climatique : les représentants du village de Ngothie et apport de la géographie: Alice Furtado, UMR CNRS LADYSS Paris 8
Les réponses aux vulnérabilités de santé et d'environnement  :  Savino Wilson,  de la Fondation Oswaldo Cruz Rio de Janeiro (Brésil), Lorena Portela ,Moussa Mobdji (UCAD de Dakar), 
Nghotie : un territoire d'apprentissage par l'agroécologie : Edmundo Gallo,  Vaguihno Nascimento  , OTTS, et Forum des communautés traditionnelles ( Brésil), 
Sauvegarder les savoirs écologiques :  Joao Nunès,  CES, Université de Coimbra; (Portugal) Farba Diouf, UMR CNRS LADYSS Paris 8, Université de Paris 8 ,
Conclusion de la session:  Une école d' Eco-Santé pour une santé collective.


"
Side event SE;SE32;Mardi 22 Mars, 17.00-18.00;Mardi 22 Mars, 17.00-18.00;Salle 5 EXPO;GIZ, implementing organisation;Approches de développement pacifique dans le bassin du Niger et du lac Tchad;paix et sécurité | ressources naturelles | changement climatique | résilience | eau;"L'objectif de cette session est de montrer les possibilités de prise de décision sensible aux conflits, basée sur une analyse approfondie des conditions sur le terrain - du niveau politique aux petites communautés. Cette session est complémentaire à une autre session organisée par les partenaires FREXUS, le Partenariat pour la paix et la sécurité de l'eau (WPS), qui abordera les interconnexions complexes entre l'eau, les conflits et la paix à un niveau plus large.
Des représentants des principales agences donatrices actuellement présentes dans la région devraient assister à l'ouverture et réfléchiront à l'engagement et aux réalisations respectives. Le projet Frexus présentera son outil analytique local qui est appliqué dans des communautés sélectionnées de la zone d'intervention. L'outil est développé pour soutenir la prise de décision dans un dialogue comme moyen clé pour la prévention, l'atténuation et la résolution des conflits, en participation avec les acteurs locaux. 
Lors de la table ronde, l'événement accueillera les principaux partenaires et parties prenantes du projet Frexus. En particulier, les représentants des principales organisations de bassin fluvial dans la zone d'intervention, à savoir la NBA et la LCBC, discuteront de la valeur ajoutée de l'outil analytique local soutenant les processus de prise de décision dans la construction de la paix liée aux ressources naturelles. En outre, les perspectives des autorités nationales et/ou locales seront également mises en avant afin de présenter les points de vue sur le terrain et de concevoir les solutions les plus appropriées aux complexités de la gestion pacifique et durable des ressources naturelles dans la région du Sahel.";60';"Représentant de BMZ/NL/EU FPI (à confirmer)
GIZ + WPS
Représentants de la NBA, du LCBC, des décideurs locaux, du monde universitaire.";"Bienvenue et remarques d'ouverture (10min) : BMZ, représentant du gouvernement néerlandais, représentant du Service des instruments de politique étrangère de l'UE. 
Contribution sur la mise en œuvre de l'outil analytique local Frexus (10min) : GIZ/WPS/Deltares
Discussion en groupe (35min) :	Représentants de l'Autorité du Bassin du Niger, de la Commission du Bassin du Lac Tchad, décideurs au niveau national ou local, universités.
Résumé et remarques de clôture (5min) : GIZ/WPS"
Side event SE;SE38;Mardi 22 Mars, 17.00-18.00;Mardi 22 Mars, 17.00-18.00;Salle 13 EXPO;Ministère français de l'Europe et des affaires étrangères;Conférence des Nations unies de 2023 : L'Eau, un enjeu multi-sectoriel / 2023 UN Conference: Water, a cross-sectoral issue;Conférence de l'ONU sur l'eau en 2023 | perspectives intersectorielles ;"L’eau est un enjeu transverse. Les 20 cibles de l’Agenda 2030 relatives à l’eau illustrent cette transversalité : cible 4 de l’ODD 1 sur la pauvreté, cible 3 de l’ODD3 sur la santé, cible a de l’ODD4 sur l’éducation...  Le 9ème Forum mondial de l’eau rassemblera la communauté internationale de l’eau et ses conclusions nourriront les débats du prochain grand rendez-vous international : la ‘Conférence des Nations unies de mars 2023 consacrée à l’examen approfondi à mi-parcours de la réalisation des objectifs de la Décennie internationale d’action sur le thème « L’eau et le développement durable », la première conférence sur l’eau de cette ampleur organisée aux Nations unies depuis 1977. 
Deux autres événements seront consacrés à la conférence de 2023 pendant le Forum : un panel de haut-niveau organisé par les deux pays co-organisateurs : les Pays-Bas et le Tadjikistan ; et une session organisée par l’Allemagne pour rendre compte des ‘Water Dialogues for Results’ organisés à Bonn en juillet 2021.
Ce side-event donnera la parole à d’autres secteurs que celui de l’eau : ceux de l’agriculture, de la santé, de l’aménagement du territoire et de l’environnement (secteurs de l'énergie et industriel à confirmer), afin de décloisonner les débats, d’identifier les enjeux liés à l’eau pour ces autres secteurs et d’encourager ces autres communautés d’expertise à prendre part à la préparation de la conférence de 2023. Le side-event bénéficiera pour cela de la venue à Dakar de représentants de haut-niveau dans ces domaines.
";60';"S.E. Bérengère Abba, Secrétaire d'État auprès de la ministre de la Transition écologique, chargée de la Biodiversité, France (confirmée)
S.E. Akiça Bahri, ex Ministre de l'agriculture de la Tunisie (confirmée)
S.E. Ousmane Gaoual Diallo, Ministre de l’Urbanisme, de l’Habitat et de l’Aménagement du Territoire de la Guinée (confirmé)
Pr Serge Morand, Ecologue et parasitologue au CNRS (Centre national de la recherche scientifique) (confirmé)
M. Henk Ovink, Envoyé spécial sur l'eau du gouvernement des Pays-Bas (tbc)
M. Serigne Mbaye Thiam, Ministre de l'Eau et de l'Assainissement du Sénégal (tbc)";
Side event SE;SE5;Mardi 22 Mars, 17.00-18.00;Mardi 22 Mars, 17.00-18.00;Salle 205 CICAD;International Network of Basin Organizations (INBO), International Non-Governmental Organisations (INGOs);Session statutaire de l'Assemblée Générale Mondiale du RIOB;Gestion des bassins | GIRE | coopération internationale | réseau | échange d'expériences;"
1. Ouverture par M. Nizar Baraka, Ministre de l'Equipement et de l'Eau du Royaume du Maroc, Président du RIOB
2. Présentation du rapport d'activité 2019-2021
3. Prolongation de la présidence du Royaume du Maroc jusqu'à l'Assemblée générale de 2024.
4. Présentation du rapport budgétaire 2019-2021
5. Renouvellement du mandat du Commissaire aux Comptes du RIOB
6. Présentation de la candidature du pays hôte de l'assemblée générale de 2024.
7. Conclusions de la Présidence (Maroc) ";60';"1. M. Nizar Baraka, Ministre de l'Equipement et de l'Eau du Royaume du Maroc, Président du RIOB
2. Dr. Eric Tardieu, Secrétaire Général du RIOB
3. M. Manuel Sapiano, Directeur Général de l'Agence de l'Energie et de l'Eau, Président de l'Europe-RIOB à Malte
4. M. Ramiro Martinez Costa, Secrétaire du Réseau Méditerranéen des Organismes de Bassin (REMOB)
5. Mme Judith Enaw, Présidente du Réseau Africain des Organismes de Bassin (RAOB)
6. Mme Michéla Adin, Secrétaire du Réseau Nord Américain des Organismes de Bassin (ROBAN)
7. Mme Dinara Ziganshina, Secrétaire du Réseau des Organismes de Gestion de l'Eau d'Europe Orientale, du Caucase et d'Asie Centrale (EECCA-NWO)
8. M. Lupercio Ziroldo Antonio, Président, Réseau Latino Américain des Organismes de Bassin (RELOB)";"1. Ouverture par M. Nizar Baraka, Ministre de l'Equipement et de l'Eau du Royaume du Maroc, Président du RIOB, 10 min
2. Présentation du rapport d'activité 2019-2021, 10 min.
3. Prolongation de la présidence du Royaume du Maroc jusqu'à l'Assemblée générale de 2024, 5 min.
4. Présentation du rapport budgétaire 2019-2021, 5 min
5. Renouvellement du mandat du Commissaire aux comptes du RIOB, 5 min.
6. Présentation de la candidature du pays hôte de l'assemblée générale de 2024, 5 min.
7. Q&R, échanges entre les participants, 15 min
8. Conclusions par la Présidence (Maroc), 5 min"
Side event SE;SE50;Mardi 22 Mars, 17.00-18.00;Mardi 22 Mars, 17.00-18.00;Room 2 EXPO;"World Food 
Programme (WFP)";"Programme alimentaire mondial 
Journées au 9ème 
Forum mondial de l'eau";Résilience | Sahel | Changements climatiques | Sécurité alimentaire et nutritionnelle | GIRE;La gestion durable des eaux souterraines, afin d'accroître la résilience climatique des communautés, représente une opportunité pour des investissements innovants et des choix de gestion qui peuvent également contribuer à l'amélioration des moyens d’existence des ménages et à la lutte contre la pauvreté parmi les communautés des zones arides. Depuis 2018, le programme alimentaire mondial met en œuvre un paquet intégré de résilience a travers les 5 pays du G5 sahel + Sénégal sous le financement du BMZ. La session a pour objectif de réunir les acteurs de la gestion intégrée des ressources en eaux au Sahel ainsi que les bailleurs de fonds et les décideurs afin de 1/présenter l’approche du PAM en matière de gestion des bassins versants et les résultats obtenus, 2/convaincre les décideurs des résultats probants de l’approche 2/mutualiser les efforts en explorant les possibilités de partenariats avec d’autres acteurs du secteur, 3/ explorer des pistes de financements innovants pour permettre la mise à l’échelle des bonnes pratiques et la ‘cross fertilisation’ des initiatives au sahel.;60';M. Volli Carrucci, Director, Resilience and Food systems services, WFP – HQ . Mr. Jochen Flasbarth, Secretaire d’état du BMZ (TBC)  ;"1.	Introduction (5 mins)
2.	Présentation du programme intégré de résilience pour le sahel & résultats (15 mins)
3.	Discussions (45 mins)
4.	Conclusions (10 mins)"
Side event SE;SE51;Mardi 22 Mars, 17.00-18.00;Mardi 22 Mars, 17.00-18.00;Room 6 EXPO;"Sahara and Sahel 
Observatory (OSS)";"Coopération 
cadre et 
approche pour 
intégrée 
gestion intégrée et 
restauration des ressources 
ressources en eau partagées et 
leurs écosystèmes 
écosystèmes associés";Coopération | Gestion intégrée | Eau | Restauration des terres | Ecosystème;"Cette session traitera de la question de la gestion intégrée des ressources naturelles, en mettant le focus sur les eaux souterraines transfrontalières partagées et leur interaction avec les eaux de surface. Les résultats pertinents obtenus dans le cadre de la restauration des terres seront mis en exergue. Elle abordera aussi de façon globale les défis à relever pour l’intégration de la comptabilité écosystémique dans les processus de planification des pays.
Elle regroupera des représentants d’organismes de bassins œuvrant dans ces domaines, des agences nationales ou régionales de coopération et/ou de développement et des partenaires nationaux.
Les objectifs spécifiques sont : 
•	L’échange des bonnes pratiques pour une gestion durable des ressources en eau entre les institutions partenaires ;
•	La promotion de la gestion concertée des ressources en eau transfrontalières partagées souterraines et superficielles ainsi que leurs écosystèmes associés, et la diffusion des meilleures pratiques ;
•	La sensibilisation des pays africains sur l’intérêt d’internaliser les coûts et les avantages de la conservation de la biodiversité et de l'utilisation durable des écosystèmes ;
•	La promotion des approches et outils méthodologiques développés pour la restauration des terres ;";60';"•	Modérateur (M. Nabil BEN KHATRA SE/OSS)
•	Panelistes :
1.	Mrs. Astrid Hillers (GEF)
2.	Mme Alice Aureli (UNESCO)
3.	M. Abderahim Birème Hamid (ABN)
4.	M. Ahmed Diane SEMEGA (OMVS)
5.	M. Abakar Zougoulou (APGMV)
6.	M. Abdel Kader Dodo (OSS)";"•	Allocution de Bienvenue : 5mn
•	Présentation introductive : 10mns (OSS)
•	Sous session thématique n°1 : sous forme de débat animé par des Questions-Réponses avec 4 intervenants : 20mns
•	Sous-sessions thématiques n°2 : sous forme de débat animé par des Questions-Réponses avec 2 intervenants : 10mns
•	Clôture « conclusion et leçons tirées » par chaque paneliste (10 min)"
Side event SE;SE11;Mercredi 23 Mars, 17.00-18.00;Mercredi 23 Mars, 17.00-18.00;Room 2 EXPO;Association Sénégalaise de Normailisation;NORMALISATION DANS LE SECTEUR DE L’ASSAINISSEMENT;Normalisation | Assainissement | Règlementation | Dissémination;"Dans le cadre du 9e Forum Mondial de l’Eau, l’association Sénégalaise de Normalisation en collaboration avec ses partenaires techniques et financiers, désire organiser un side-event. Ce dernier portera sur le thème : « La normalisation dans le secteur de l’assainissement».
Ce Side-event abordera les questions relatives aux normes nationales et internationales existantes ou à mettre en place et le partage de l’expérience du Sénégal dans la normalisation du sous-secteur de l'assainissement.
Ainsi, cette exposition a pour objectifs  de faire connaitre les normes, de mieux montrer leur importance dans le secteur et de promouvoir leur appropriation par les acteurs et leur utilisation dans la règlementation et les politiques publiques nationales.
Il sera un moment d’échanges et de partage entre l’ASN et ses partenaires TUV-SUD, ANSI et la Fondation Bill and Melinda Gate et aussi d’information pour tous les acteurs de l’assainissement à travers le monde.";60';"Attiya Sayyed - Project Consultant, International Development- ANSI
Sun Kim- Senior Program Officer BMGF
Mr Omar Sene, Directeur de l'Assainissement
Mr Doulaye Kone- Deputy Director at Bill & Melinda Gates Foundation
Mr Ibra Sow- President de l'Association Panafricaine des Acteurs de 
l'Assainissement Autonome (APAA).
Mr Alioune Ndoye-Maire de la Ville de Cayar
Mr Abdourahmane Ndione, Chiief Executive of Association Senegalaise de Normalisation";"Allocution d'ouverture : 3 minutes
Présentation de ASN par Abdourahmane Ndione : 10 minutes
Présentation de ANSI par Marianela Sanders : 10 minutes
Présentation de TUV SUD par Leslie McDermott : 10 minutes
Table ronde modérée avec six experts : 15 minutes
Séance de questions et réponses : 10 minutes
Récapitulation et clôture : 3 minutes"
Side event SE;SE12;Mercredi 23 Mars, 17.00-18.00;Mercredi 23 Mars, 17.00-18.00;Room 11 EXPO;Syctom Agence métropolitaine de gestion des déchets www.syctom-paris.fr ;A quels moments les déchets et l’Eau préservent ensemble l’environnement ?;Services publics | Eau | Déchets | Mégapoles;"La consommation responsable, les micropolluants présents en mer et dans les eaux usées, les pollutions plastiques, l’encombrement des réseaux d’assainissement, les perspectives de co-traitement : autant de problèmes et de solutions qui démontrent combien la gestion de l’eau et celle des déchets ont partie liée. 
La complicité entre ces deux services essentiels que les ODD 6, 11, 12 et 17 permettent de mettre en scène dans les mégapoles et ailleurs mérite d’être racontée par les acteurs et les experts.
";60';Pierre Hirtzberger Président de l'ASTEE + Siaap ;TBD
Side event SE;SE16;Mercredi 23 Mars, 17.00-18.00;Mercredi 23 Mars, 17.00-18.00;Room 10 EXPO;Urgent Action Fund - Africa;Panel de haut niveau sur la justice de l'eau;Défenseuses | africaines | droits de l'homme | environnement | femmes | eau | résolution du problème | sécurité de l'eau;"Plus précisément, l'UAF-Africa organisera un panel de haut niveau le 23 mars pendant le forum principal pour discuter des défis auxquels les femmes africaines sont confrontées en matière d'accès, de contrôle et d'utilisation de l'eau. Les discussions du panel entraîneront des conversations qui soulèveront une analyse féministe critique des luttes des femmes africaines pour la justice de l'eau. En outre, le panel de discussion cherchera à centrer la réflexion et à influencer l'action féministe de solutions alternatives aux défis dominants de la gouvernance de l'eau auxquels les femmes africaines sont confrontées.
Ce panel de haut niveau s'adresse principalement aux responsables gouvernementaux, aux entreprises multinationales et aux institutions financières.  
";60';Elizabeth Wathuti, Mela Chiponda, Priscilla Achakpa, Gloria Sekonou Dossi, Mari Jean Diouf;
Side event SE;SE28;Mercredi 23 Mars, 17.00-18.00;Mercredi 23 Mars, 17.00-18.00;Room 6 EXPO;Direction Assainissement/Administration;Sensibilisation et renforcement des capacités des acteurs pour le développement du marché de l'assainissement en zone rurale;Sensibilisation | approches participatives | approche marché | changement comportement;"La session est conçue comme un espace d’échange entre les participants sur les approches de sensibilisation des ménages ruraux face aux enjeux de l’assainissement et sur le Marketing de l’assainissement. 
Il s’agira de présenter le sujet et les enjeux qu’il recouvre, d’échanger sur les évolutions de le ATPC, de sa genèse à l’approche élargie). Le Marketing de l’Assainissement sera également l’objet d’échanges, et les expériences développées par  différents acteurs seront analysées  par les participants.";60';"Panélistes / intervenants : DA/UNICEF/USAID ACCES/GSF: ATPC/CLTS
Modérateur attendu : UNICEF SENEGAL 
Panélistes / intervenants : DA/GRET/USAID ACCES/: Marketing Assainissement
Modérateur attendu : CPCS/MEA SENEGAL ";"0	-	5	min.	Introduction/Contexte
5	-	10	min.	Film d'introduction
10	-	20	min.	Brainstorming avec la salle sur la question : Le marketing de l'assainissement : un levier pour booster l'accès à l'assainissement au Sénégal ?   
20	-	40	min.	Présentations (10’ chacune) 
UNICEF : ATPC originelle – ATPC élargie 
DA : Marketing de l’Assainissement : Leçons apprises des projets pilotes 
40	-	50	min.	Débat sur les présentation 
50	-	60	min.	Messages clés et conclusion
"
Side event SE;SE33;Mercredi 23 Mars, 17.00-18.00;Mercredi 23 Mars, 17.00-18.00;Room 1 EXPO;Direction de l'Environnement et des Etablissements classés / Administration;Halam.Bi : une plateforme environnementale pilote en Afrique de l’Ouest, déployée sur la région de Dakar;Eau | Qualité de l'air | Bruit | Social ;Halam-Bi.sn (« environnement » en Wolof) a pour objectif de fournir une plateforme digitale unique permettant aux responsables d’une ville de gérer de façons dynamique, éclairée et collaborative, les questions environnementales (air-eau-bruit) posées sur leur territoire. Connaître, informer, collaborer et recueillir les sentiments de ses concitoyens, tels sont les objectifs de Halam-Bi.sn;60';DEEC/CGQA/NUMTECH/CREOCEAN/SOMEI/Ambiciti ;"1 - Présentation de la plateforme et de ses aspects 

2 - question autour de son déploiement et de son utilisation

 "
Side event SE;SE34;Mercredi 23 Mars, 17.00-18.00;Mercredi 23 Mars, 17.00-18.00;Room 3 EXPO;German Water Partnership e.V.;Gestion des eaux pluviales en Afrique de l'Ouest - Une réflexion globale pour des solutions locales;Gestion des eaux pluviales | Afrique de l'Ouest;"Le partenariat de longue date entre le GWP et l'AAE a été particulièrement approfondi par la mise en œuvre de notre projet commun, l'Initiative allemande pour l'Afrique.
particulièrement approfondi par la mise en œuvre de notre projet commun, le Partenariat germano-africain pour l'eau et l'assainissement (GAPWAS), en 2019.
partenariat germano-africain pour l'eau et l'assainissement (GAPWAS), en 2019.
A travers un transfert de connaissances entre experts allemands et africains et la
présentation de technologies innovantes, cette session vise à identifier des solutions
stratégies qui peuvent contribuer à une meilleure gestion des événements liés aux eaux pluviales en
Afrique de l'Ouest.
Avec le changement climatique, le défi de la gestion des eaux pluviales est devenu un défi mondial.
mondial qui va s'accroître et affecter de plus en plus nos deux continents dans les années à venir.
années à venir. Par conséquent, la mise en réseau et l'échange d'expériences entre
experts allemands et africains du secteur de l'eau et de l'assainissement, des organisations de la société civile et des décideurs politiques.
des organisations de la société civile et des décideurs politiques jetteront les bases d'une
coopération durable et à long terme dans le domaine de la gestion des eaux pluviales.
En impliquant les autorités locales, l'importance politique de la gestion des eaux pluviales sera communiquée.
l'importance politique de la gestion des eaux pluviales, dans le but de soutenir une prévention et un contrôle efficaces des dommages causés par les inondations dans l'ouest du pays.
prévention et le contrôle efficaces des dommages causés par les inondations en Afrique de l'Ouest en correspondant aux
programmes politiques correspondants.";60';"Maire de Dakar ; Sylvain Usher, Directeur exécutif de l'Association africaine de l'eau ; Dr. Paul Engelke, Directeur général de Kleine Solutions ; Manuel Krauß, Institut de recherche sur l'eau, Université technique d'Aix-la-Chapelle ; Dirk Wittenberg, Vice-président senior de WILO SE ; Julia Braune, Directrice exécutive du Partenariat allemand pour l'eau e.V.";"5 min : Discours d'ouverture (Maire de Dakar)
10 min : Défis auxquels les régions africaines sont
pendant les saisons de fortes pluies,
les exigences d'une gestion adaptée des
gestion des eaux pluviales ainsi que les
ainsi que les connaissances acquises et les
expériences réussies (Sylvain Usher)
10 min : Identification des zones à risque potentiel
et actions recommandées pour
pour minimiser les dommages économiques et écologiques
économiques et écologiques des eaux pluviales en
Afrique de l'Ouest (Dr. Paul Engelke)
10 min : Partage des meilleures pratiques et
présentations des leçons apprises
du développement d'une prévision des
d'inondation pour le projet germano-ghanéen
ghanéen RAIN à Accra (Manuel Krauß)
10 min : Présentation de pompes spéciales et de
composants pour un contrôle efficace des
efficace des inondations (Direk Wittenberg)
15 min : Discussion modérée avec le public (Julia Braune)"
Side event SE;SE35;Mercredi 23 Mars, 17.00-18.00;Mercredi 23 Mars, 17.00-18.00;Room 4 EXPO;AAE;Contribution à l'économie circulaire par la gestion durable des services d'eau potable : Le cas de la Non-Revenue Water (NRW);Économie circulaire | NRW | service des eaux | WOP | peer-to-peer;"Les services publics de l'eau dans le monde entier, et en particulier dans les pays en développement, sont confrontés à des défis majeurs, notamment le niveau élevé des pertes d'eau, dues aux fuites dans les réseaux, à la fraude, aux problèmes de facturation, aux problèmes de comptage, etc. La différence entre le volume d'eau qui entre dans le système de distribution et l'eau facturée aux consommateurs est appelée Eau Non Reçue (ENR).
Chaque année, plus de 32 milliards de mètres cubes d'eau traitée sont perdus en raison de fuites dans le système de distribution. En outre, 16 milliards de mètres cubes par an sont fournis aux clients sans être facturés, en raison de vols, de compteurs défectueux ou de corruption. Une estimation du coût annuel total de ces pertes pour les compagnies des eaux du monde entier est de 14 milliards de dollars US. Ces pertes représenteraient 50 à 60% de l'eau fournie, alors que la moyenne mondiale est de 35%. En économisant ce montant, on pourrait fournir de l'eau à 100 millions de personnes supplémentaires sans aucun investissement additionnel. 
Dans de nombreux pays africains, les pertes en eau atteignent souvent des proportions si élevées qu'elles compromettent considérablement la viabilité financière des entreprises en réduisant leur capacité à servir la population. De plus, le NRW augmente la pression humaine sur l'environnement, notamment en encourageant la surexploitation des ressources en eau douce. 
Grâce à l'approche des Partenariats d'opérateurs de l'eau (WOP) en tant que processus d'apprentissage entre pairs, l'AAE a prouvé son efficacité à relever les défis et à améliorer la performance des opérateurs afin d'accélérer les progrès vers les OMD en matière de services d'eau et d'assainissement.";60';"Président : Mme Koubra Hissène ITNO, DG Compagnie des eaux du Tchad
Modérateur : Olivier Gosso, SODECI, Côte d'Ivoire
Présentateur : Gilles Djagoun, coordinateur principal de programme, AAE
PANELISTES
i.	Dr. Rose Kaggwa, NWSC, Ouganda
ii.	M. Olivier Gosso, SODECI, Côte d'Ivoire
iii.	M. Olivier Billard, DIELT, France
iv.	M. Michael Kerstin, GWP, Allemagne
v.	M. Lars Stordal, GWOPA, Allemagne";"Ouverture par le président : 05 min
Introduction par le modérateur : 05 Min
Présentation : 10 min
Discussion en groupe : 35 min
Clôture/récapitulation : 05 min"
Side event SE;SE39;Mercredi 23 Mars, 17.00-18.00;Mercredi 23 Mars, 17.00-18.00;Room 7 EXPO;UNICEF;Dialogue avec Les jeunes voix du Sahel et l'UNICEF;débat | eau | participation | jeunes | Sahel;Bâtissant sur 2 débats publics réunissant Les jeunes voix du Sahel (100 jeunes des 10 pays du Sahel) et des décideurs politiques et experts, la session vise à faire entendre les témoignages des jeunes autour de la problématique de l'eau dans leur quotidien, et de favoriser un échange avec les acteurs politiques et experts pour esquisser les solutions, notamment en mettant ces jeunes dans la position d'acteurs du changement, et en soutenant leur accès à des cursus et des emplois verts.;60';Nous espérons la présence de M. Abdoulaye Sène, de M. Djibrin Niang (Jeunes Volontaires pour l'environnement), de M. Ruben Bayiha (UNICEF), et de 10 jeunes issus des 10 pays du Sahel. La modération serait assurée par Mme Charlotte Idrac (correspondante de RFI au Sénégal);"17h: Ouverture (possiblement vidéo de soutien de Mme Angélique Kidjo)
17h05: pénurie d'eau, inondations, érosion des côtes: quelles conséquences pour les enfants, leur santé et leur avenir. Discussion avec Ruben Bayida et 5 jeunes
17h30: Faire du défi de l’eau une opportunité de développement. Quelles solutions, quelles recommandations ? Discussion avec M. Abdoulaye Sène, M. Djibrin Niang (Jeunes Volontaires pour l'environnement) et 5 jeunes voix du Sahel
17h55: Conclusion - M. Abdoulaye Sène."
Side event SE;SE40;Mercredi 23 Mars, 17.00-18.00;Mercredi 23 Mars, 17.00-18.00;Room 8 EXPO;Direction des Eaux et Forêts Chasses et de la Conservation des Sols (DEFCCS) / Gouvernement;Protéger et restaurer les écosystèmes et les forêts, y compris les impacts côtiers et marins, et lutter contre désertification;Forêts | eaux | atténuation | changement climatique;Cette présentation vise à montrer le lien entre la disponibilité de l’eau et le fonctionnement des écosystèmes forestiers. En d’autres termes, nous cherchons à expliciter en quoi le déficit de ressources hydriques en milieu forestier pourrait affecter la capacité d’atténuation des forêts au changement climatique. En effet, les arbres et les forêts, en général, séquestrent des gaz à effet de serre, du CO2 atmosphérique en particulier et, contribuent à la lutte contre le changement climatique. Cette aptitude importante des forêts reste fonctionnelle grâce au mécanisme de la photosynthèse qui est fortement dépendante à la disponibilité de l’eau. En définitive, les forêts sont qualifiées de puits de carbone dans la mesure où elles en stockent des millions de tonnes. D’après le Groupe d’Experts Intergouvernemental sur l’évolution du climat (GIEC), les écosystèmes forestiers restent le deuxième réservoir de carbone après les océans.  Elles le sont ainsi, le restent et le resteraient certainement au cas où le cycle et la disponibilité de l’eau ne seraient pas déséquilibrés ou perturbés d’où toute la quintessence de la mise en œuvre d’une politique efficace de gestion et de conservation des ressources hydriques en milieux forestiers.;60';Intervenants;
Side event SE;SE43;Mercredi 23 Mars, 17.00-18.00;Mercredi 23 Mars, 17.00-18.00;Room 12 EXPO;GIZ (Deutsche Gesellschaft für Internationale Zusammenarbeit);De Bonn à Dakar - Accélérer la mise en œuvre intersectorielle de l'ODD 6 à l'horizon 2030;approches intersectorielles | ODD 6 | Conférence de l'ONU sur l'eau de 2023 | Agenda 2030;La session réunira les principales parties prenantes des différents groupes capables d'accélérer l'action : gouvernements, organisations multilatérales, système des Nations unies et MGS. Les messages clés et les recommandations de Bonn et leur développement au cours des Dialogues sur l'eau seront brièvement présentés et expliqués comment ils s'inscrivent dans la Déclaration de Dakar. Une discussion permettra d'échanger sur les changements nécessaires pour mettre en œuvre une action intersectorielle et s'engager avec d'autres secteurs, et d'identifier les domaines d'action prioritaires à l'horizon 2023 et 2030. Une perspective vers la prochaine conférence préparatoire officielle, le Sommet de l'eau Asie-Pacifique en avril à Kumamoto, conclura la session.;60';"Intervenants (à confirmer) : Rashid Mbaziira (AMCOW ES), Abdoulaye Sène (Co-Président du comité de pilotage international du 9ème Forum mondial de l'eau, Sénégal), Kenzo Hiroki (Représentant du Sommet de l'eau Asie-Pacifique), Kobie Brand (ICLEI), Francis Daniel Bougaire (Directeur de la Division de la Coordination et des Partenariats de l'Eau, AFDB), Frank Rutabingwa (UN ECA, responsable de la coordination de l'ONU-Eau au niveau régional), Arlette Soudan-Nonault (Ministre de l'Environnement, du Développement Durable et du Bassin du Congo ; République du Congo) ;
Modérateur : à confirmer";"- Bienvenue par le modérateur - 3 min
'- Récapitulation : Dialogues de Bonn sur l'eau (vidéo explicative avec enregistrements graphiques) - 5 min
'- Introduction de Bonn à Dakar et au-delà - Où en sommes-nous ? (5 min)
--> Vue d'ensemble : Les Dialogues d"
Side event SE;SE52;Mercredi 23 Mars, 17.00-18.00;Mercredi 23 Mars, 17.00-18.00;Room 5 EXPO;Ministry of Agriculture and Rural Equipment of Senegal (MAER);Le MAER se rend au 9ème Forum mondial de l'eau, Thème : La productivité de l'eau au cœur du développement rural;;"Conformément aux orientations du PRACAS qui est le volet agricole du PSE, du PNIASAN, de la LPSDA, du PAP2A et du PASAD, le principal défi du secteur agricole est de construire une agriculture compétitive, diversifiée et durable, pour lutter contre la pauvreté et atteindre la sécurité alimentaire et nutritionnelle des populations. L’objectif est de montrer le niveau de la maitrise de l’eau productive au Sénégal en coordonnant la participation et en renforçant la visibilité du MAER. Il s’agira plus spécifique de débattre sur les sous-thèmes suivant : Quelles stratégies pour la promotion d’un réseau hydrographique national et l’approvisionnement durable du pays en eau productive ? La sécurisation du foncière pour favoriser le développement rural ; La valorisation des terres aménagées, des eaux de surface et des eaux souterraines ; Mécaniser pour valoriser l’eau productive pour une agriculture diversifiée, productive, compétitive et durable.";60';DBRLA, SAED, SODAGRI, DMER et les autres structures du Ministère ;Les présentations : 2 heure (chaque présentation est de 15min), Clôture : 15min.
